"SPU","Image","Filename","GitHubPath","RawURL","Status"
"6018","1","1.jpg","6018/1.jpg","https://raw.githubusercontent.com/2449674090zlj/walmart-denim-product-images/main/6018/1.jpg","Uploaded"
"6018","2","2.jpg","6018/2.jpg","https://raw.githubusercontent.com/2449674090zlj/walmart-denim-product-images/main/6018/2.jpg","Uploaded"
"6018","3","3.jpg","6018/3.jpg","https://raw.githubusercontent.com/2449674090zlj/walmart-denim-product-images/main/6018/3.jpg","Uploaded"
"6018","4","4.jpg","6018/4.jpg","https://raw.githubusercontent.com/2449674090zlj/walmart-denim-product-images/main/6018/4.jpg","Uploaded"
"6018","5","5.jpg","6018/5.jpg","https://raw.githubusercontent.com/2449674090zlj/walmart-denim-product-images/main/6018/5.jpg","Uploaded"
"6018","6","6.jpg","6018/6.jpg","https://raw.githubusercontent.com/2449674090zlj/walmart-denim-product-images/main/6018/6.jpg","Uploaded"
"8071","1","1.jpg","8071/1.jpg","https://raw.githubusercontent.com/2449674090zlj/walmart-denim-product-images/main/8071/1.jpg","Uploaded"
"8071","2","2.jpg","8071/2.jpg","https://raw.githubusercontent.com/2449674090zlj/walmart-denim-product-images/main/8071/2.jpg","Uploaded"
"8071","3","3.jpg","8071/3.jpg","https://raw.githubusercontent.com/2449674090zlj/walmart-denim-product-images/main/8071/3.jpg","Uploaded"
"8071","4","4.jpg","8071/4.jpg","https://raw.githubusercontent.com/2449674090zlj/walmart-denim-product-images/main/8071/4.jpg","Uploaded"
"8071","5","5.jpg","8071/5.jpg","https://raw.githubusercontent.com/2449674090zlj/walmart-denim-product-images/main/8071/5.jpg","Uploaded"
"8071","6","6.jpg","8071/6.jpg","https://raw.githubusercontent.com/2449674090zlj/walmart-denim-product-images/main/8071/6.jpg","Uploaded"
"8135","1","1.jpg","8135/1.jpg","https://raw.githubusercontent.com/2449674090zlj/walmart-denim-product-images/main/8135/1.jpg","Uploaded"
"8135","2","2.jpg","8135/2.jpg","https://raw.githubusercontent.com/2449674090zlj/walmart-denim-product-images/main/8135/2.jpg","Uploaded"
"8135","3","3.jpg","8135/3.jpg","https://raw.githubusercontent.com/2449674090zlj/walmart-denim-product-images/main/8135/3.jpg","Uploaded"
"8135","4","4.jpg","8135/4.jpg","https://raw.githubusercontent.com/2449674090zlj/walmart-denim-product-images/main/8135/4.jpg","Uploaded"
"8135","5","5.jpg","8135/5.jpg","https://raw.githubusercontent.com/2449674090zlj/walmart-denim-product-images/main/8135/5.jpg","Uploaded"
"8135","6","6.jpg","8135/6.jpg","https://raw.githubusercontent.com/2449674090zlj/walmart-denim-product-images/main/8135/6.jpg","Uploaded"
"8191","1","1.jpg","8191/1.jpg","https://raw.githubusercontent.com/2449674090zlj/walmart-denim-product-images/main/8191/1.jpg","Uploaded"
"8191","2","2.jpg","8191/2.jpg","https://raw.githubusercontent.com/2449674090zlj/walmart-denim-product-images/main/8191/2.jpg","Uploaded"
"8191","3","3.jpg","8191/3.jpg","https://raw.githubusercontent.com/2449674090zlj/walmart-denim-product-images/main/8191/3.jpg","Uploaded"
"8191","4","4.png","8191/4.png","https://raw.githubusercontent.com/2449674090zlj/walmart-denim-product-images/main/8191/4.png","Uploaded"
"8191","5","5.jpg","8191/5.jpg","https://raw.githubusercontent.com/2449674090zlj/walmart-denim-product-images/main/8191/5.jpg","Uploaded"
"8191","6","6.jpg","8191/6.jpg","https://raw.githubusercontent.com/2449674090zlj/walmart-denim-product-images/main/8191/6.jpg","Uploaded"
"8263","1","1.png","8263/1.png","https://raw.githubusercontent.com/2449674090zlj/walmart-denim-product-images/main/8263/1.png","Uploaded"
"8263","2","2.png","8263/2.png","https://raw.githubusercontent.com/2449674090zlj/walmart-denim-product-images/main/8263/2.png","Uploaded"
"8263","3","3.png","8263/3.png","https://raw.githubusercontent.com/2449674090zlj/walmart-denim-product-images/main/8263/3.png","Uploaded"
"8263","4","4.png","8263/4.png","https://raw.githubusercontent.com/2449674090zlj/walmart-denim-product-images/main/8263/4.png","Uploaded"
"8263","5","5.jpg","8263/5.jpg","https://raw.githubusercontent.com/2449674090zlj/walmart-denim-product-images/main/8263/5.jpg","Uploaded"
"8263","6","6.jpg","8263/6.jpg","https://raw.githubusercontent.com/2449674090zlj/walmart-denim-product-images/main/8263/6.jpg","Uploaded"
"9003-2","1","1.jpg","9003-2/1.jpg","https://raw.githubusercontent.com/2449674090zlj/walmart-denim-product-images/main/9003-2/1.jpg","Uploaded"
"9003-2","2","2.jpg","9003-2/2.jpg","https://raw.githubusercontent.com/2449674090zlj/walmart-denim-product-images/main/9003-2/2.jpg","Uploaded"
"9003-2","3","3.jpg","9003-2/3.jpg","https://raw.githubusercontent.com/2449674090zlj/walmart-denim-product-images/main/9003-2/3.jpg","Uploaded"
"9003-2","4","4.jpg","9003-2/4.jpg","https://raw.githubusercontent.com/2449674090zlj/walmart-denim-product-images/main/9003-2/4.jpg","Uploaded"
"9003-2","5","5.jpg","9003-2/5.jpg","https://raw.githubusercontent.com/2449674090zlj/walmart-denim-product-images/main/9003-2/5.jpg","Uploaded"
"9003-2","6","6.jpg","9003-2/6.jpg","https://raw.githubusercontent.com/2449674090zlj/walmart-denim-product-images/main/9003-2/6.jpg","Uploaded"
"9011","1","1.jpg","9011/1.jpg","https://raw.githubusercontent.com/2449674090zlj/walmart-denim-product-images/main/9011/1.jpg","Uploaded"
"9011","2","2.jpg","9011/2.jpg","https://raw.githubusercontent.com/2449674090zlj/walmart-denim-product-images/main/9011/2.jpg","Uploaded"
"9011","3","3.jpg","9011/3.jpg","https://raw.githubusercontent.com/2449674090zlj/walmart-denim-product-images/main/9011/3.jpg","Uploaded"
"9011","4","4.jpg","9011/4.jpg","https://raw.githubusercontent.com/2449674090zlj/walmart-denim-product-images/main/9011/4.jpg","Uploaded"
"9011","5","5.jpg","9011/5.jpg","https://raw.githubusercontent.com/2449674090zlj/walmart-denim-product-images/main/9011/5.jpg","Uploaded"
"9011","6","6.jpg","9011/6.jpg","https://raw.githubusercontent.com/2449674090zlj/walmart-denim-product-images/main/9011/6.jpg","Uploaded"
"9190","1","1.jpg","9190/1.jpg","https://raw.githubusercontent.com/2449674090zlj/walmart-denim-product-images/main/9190/1.jpg","Uploaded"
"9190","2","2.jpg","9190/2.jpg","https://raw.githubusercontent.com/2449674090zlj/walmart-denim-product-images/main/9190/2.jpg","Uploaded"
"9190","3","3.jpg","9190/3.jpg","https://raw.githubusercontent.com/2449674090zlj/walmart-denim-product-images/main/9190/3.jpg","Uploaded"
"9190","4","4.jpg","9190/4.jpg","https://raw.githubusercontent.com/2449674090zlj/walmart-denim-product-images/main/9190/4.jpg","Uploaded"
"9190","6","6.jpg","9190/6.jpg","https://raw.githubusercontent.com/2449674090zlj/walmart-denim-product-images/main/9190/6.jpg","Uploaded"
"H2556","1","1.jpg","H2556/1.jpg","https://raw.githubusercontent.com/2449674090zlj/walmart-denim-product-images/main/H2556/1.jpg","Uploaded"
"H2556","2","2.jpg","H2556/2.jpg","https://raw.githubusercontent.com/2449674090zlj/walmart-denim-product-images/main/H2556/2.jpg","Uploaded"
"H2556","3","3.jpg","H2556/3.jpg","https://raw.githubusercontent.com/2449674090zlj/walmart-denim-product-images/main/H2556/3.jpg","Uploaded"
"H2556","4","4.jpg","H2556/4.jpg","https://raw.githubusercontent.com/2449674090zlj/walmart-denim-product-images/main/H2556/4.jpg","Uploaded"
"H2556","5","5.jpg","H2556/5.jpg","https://raw.githubusercontent.com/2449674090zlj/walmart-denim-product-images/main/H2556/5.jpg","Uploaded"
"H2556","6","6.jpg","H2556/6.jpg","https://raw.githubusercontent.com/2449674090zlj/walmart-denim-product-images/main/H2556/6.jpg","Uploaded"
"H2557","1","1.jpg","H2557/1.jpg","https://raw.githubusercontent.com/2449674090zlj/walmart-denim-product-images/main/H2557/1.jpg","Uploaded"
"H2557","2","2.jpg","H2557/2.jpg","https://raw.githubusercontent.com/2449674090zlj/walmart-denim-product-images/main/H2557/2.jpg","Uploaded"
"H2557","3","3.jpg","H2557/3.jpg","https://raw.githubusercontent.com/2449674090zlj/walmart-denim-product-images/main/H2557/3.jpg","Uploaded"
"H2557","4","4.jpg","H2557/4.jpg","https://raw.githubusercontent.com/2449674090zlj/walmart-denim-product-images/main/H2557/4.jpg","Uploaded"
"H2557","5","5.jpg","H2557/5.jpg","https://raw.githubusercontent.com/2449674090zlj/walmart-denim-product-images/main/H2557/5.jpg","Uploaded"
"H2557","6","6.jpg","H2557/6.jpg","https://raw.githubusercontent.com/2449674090zlj/walmart-denim-product-images/main/H2557/6.jpg","Uploaded"
"H806J","1","1.jpg","H806J/1.jpg","https://raw.githubusercontent.com/2449674090zlj/walmart-denim-product-images/main/H806J/1.jpg","Uploaded"
"H806J","2","2.jpg","H806J/2.jpg","https://raw.githubusercontent.com/2449674090zlj/walmart-denim-product-images/main/H806J/2.jpg","Uploaded"
"H806J","3","3.jpg","H806J/3.jpg","https://raw.githubusercontent.com/2449674090zlj/walmart-denim-product-images/main/H806J/3.jpg","Uploaded"
"H806J","4","4.jpg","H806J/4.jpg","https://raw.githubusercontent.com/2449674090zlj/walmart-denim-product-images/main/H806J/4.jpg","Uploaded"
"H806J","5","5.jpg","H806J/5.jpg","https://raw.githubusercontent.com/2449674090zlj/walmart-denim-product-images/main/H806J/5.jpg","Uploaded"
"H806J","6","6.jpg","H806J/6.jpg","https://raw.githubusercontent.com/2449674090zlj/walmart-denim-product-images/main/H806J/6.jpg","Uploaded"
"HPY2553","1","1.jpg","HPY2553/1.jpg","https://raw.githubusercontent.com/2449674090zlj/walmart-denim-product-images/main/HPY2553/1.jpg","Uploaded"
"HPY2553","2","2.jpg","HPY2553/2.jpg","https://raw.githubusercontent.com/2449674090zlj/walmart-denim-product-images/main/HPY2553/2.jpg","Uploaded"
"HPY2553","3","3.jpg","HPY2553/3.jpg","https://raw.githubusercontent.com/2449674090zlj/walmart-denim-product-images/main/HPY2553/3.jpg","Uploaded"
"HPY2553","4","4.jpg","HPY2553/4.jpg","https://raw.githubusercontent.com/2449674090zlj/walmart-denim-product-images/main/HPY2553/4.jpg","Uploaded"
"HPY2553","5","5.jpg","HPY2553/5.jpg","https://raw.githubusercontent.com/2449674090zlj/walmart-denim-product-images/main/HPY2553/5.jpg","Uploaded"
"HPY2553","6","6.jpg","HPY2553/6.jpg","https://raw.githubusercontent.com/2449674090zlj/walmart-denim-product-images/main/HPY2553/6.jpg","Uploaded"
"HPY2559","1","1.jpg","HPY2559/1.jpg","https://raw.githubusercontent.com/2449674090zlj/walmart-denim-product-images/main/HPY2559/1.jpg","Uploaded"
"HPY2559","2","2.jpg","HPY2559/2.jpg","https://raw.githubusercontent.com/2449674090zlj/walmart-denim-product-images/main/HPY2559/2.jpg","Uploaded"
"HPY2559","3","3.jpg","HPY2559/3.jpg","https://raw.githubusercontent.com/2449674090zlj/walmart-denim-product-images/main/HPY2559/3.jpg","Uploaded"
"HPY2559","4","4.jpg","HPY2559/4.jpg","https://raw.githubusercontent.com/2449674090zlj/walmart-denim-product-images/main/HPY2559/4.jpg","Uploaded"
"HPY2559","5","5.jpg","HPY2559/5.jpg","https://raw.githubusercontent.com/2449674090zlj/walmart-denim-product-images/main/HPY2559/5.jpg","Uploaded"
"HPY2559","6","6.jpg","HPY2559/6.jpg","https://raw.githubusercontent.com/2449674090zlj/walmart-denim-product-images/main/HPY2559/6.jpg","Uploaded"
"HPY39J","1","1.jpg","HPY39J/1.jpg","https://raw.githubusercontent.com/2449674090zlj/walmart-denim-product-images/main/HPY39J/1.jpg","Uploaded"
"HPY39J","2","2.jpg","HPY39J/2.jpg","https://raw.githubusercontent.com/2449674090zlj/walmart-denim-product-images/main/HPY39J/2.jpg","Uploaded"
"HPY39J","3","3.jpg","HPY39J/3.jpg","https://raw.githubusercontent.com/2449674090zlj/walmart-denim-product-images/main/HPY39J/3.jpg","Uploaded"
"HPY39J","4","4.jpg","HPY39J/4.jpg","https://raw.githubusercontent.com/2449674090zlj/walmart-denim-product-images/main/HPY39J/4.jpg","Uploaded"
"HPY39J","5","5.jpg","HPY39J/5.jpg","https://raw.githubusercontent.com/2449674090zlj/walmart-denim-product-images/main/HPY39J/5.jpg","Uploaded"
"HPY39J","6","6.jpg","HPY39J/6.jpg","https://raw.githubusercontent.com/2449674090zlj/walmart-denim-product-images/main/HPY39J/6.jpg","Uploaded"
"QF4003","1","1.jpg","QF4003/1.jpg","https://raw.githubusercontent.com/2449674090zlj/walmart-denim-product-images/main/QF4003/1.jpg","Uploaded"
"QF4003","2","2.jpg","QF4003/2.jpg","https://raw.githubusercontent.com/2449674090zlj/walmart-denim-product-images/main/QF4003/2.jpg","Uploaded"
"QF4003","3","3.jpg","QF4003/3.jpg","https://raw.githubusercontent.com/2449674090zlj/walmart-denim-product-images/main/QF4003/3.jpg","Uploaded"
"QF4003","4","4.jpg","QF4003/4.jpg","https://raw.githubusercontent.com/2449674090zlj/walmart-denim-product-images/main/QF4003/4.jpg","Uploaded"
"QF4003","5","5.jpg","QF4003/5.jpg","https://raw.githubusercontent.com/2449674090zlj/walmart-denim-product-images/main/QF4003/5.jpg","Uploaded"
"QF4003","6","6.jpg","QF4003/6.jpg","https://raw.githubusercontent.com/2449674090zlj/walmart-denim-product-images/main/QF4003/6.jpg","Uploaded"
"QF625","1","1.jpg","QF625/1.jpg","https://raw.githubusercontent.com/2449674090zlj/walmart-denim-product-images/main/QF625/1.jpg","Uploaded"
"QF625","2","2.jpg","QF625/2.jpg","https://raw.githubusercontent.com/2449674090zlj/walmart-denim-product-images/main/QF625/2.jpg","Uploaded"
"QF625","3","3.jpg","QF625/3.jpg","https://raw.githubusercontent.com/2449674090zlj/walmart-denim-product-images/main/QF625/3.jpg","Uploaded"
"QF625","4","4.jpg","QF625/4.jpg","https://raw.githubusercontent.com/2449674090zlj/walmart-denim-product-images/main/QF625/4.jpg","Uploaded"
"QF625","5","5.jpg","QF625/5.jpg","https://raw.githubusercontent.com/2449674090zlj/walmart-denim-product-images/main/QF625/5.jpg","Uploaded"
"QF625","6","6.jpg","QF625/6.jpg","https://raw.githubusercontent.com/2449674090zlj/walmart-denim-product-images/main/QF625/6.jpg","Uploaded"
"QF7112","1","1.jpg","QF7112/1.jpg","https://raw.githubusercontent.com/2449674090zlj/walmart-denim-product-images/main/QF7112/1.jpg","Uploaded"
"QF7112","2","2.jpg","QF7112/2.jpg","https://raw.githubusercontent.com/2449674090zlj/walmart-denim-product-images/main/QF7112/2.jpg","Uploaded"
"QF7112","3","3.jpg","QF7112/3.jpg","https://raw.githubusercontent.com/2449674090zlj/walmart-denim-product-images/main/QF7112/3.jpg","Uploaded"
"QF7112","4","4.jpg","QF7112/4.jpg","https://raw.githubusercontent.com/2449674090zlj/walmart-denim-product-images/main/QF7112/4.jpg","Uploaded"
"QF7112","5","5.jpg","QF7112/5.jpg","https://raw.githubusercontent.com/2449674090zlj/walmart-denim-product-images/main/QF7112/5.jpg","Uploaded"
"QF7112","6","6.jpg","QF7112/6.jpg","https://raw.githubusercontent.com/2449674090zlj/walmart-denim-product-images/main/QF7112/6.jpg","Uploaded"
"QF805","1","1.jpg","QF805/1.jpg","https://raw.githubusercontent.com/2449674090zlj/walmart-denim-product-images/main/QF805/1.jpg","Uploaded"
"QF805","2","2.jpg","QF805/2.jpg","https://raw.githubusercontent.com/2449674090zlj/walmart-denim-product-images/main/QF805/2.jpg","Uploaded"
"QF805","3","3.jpg","QF805/3.jpg","https://raw.githubusercontent.com/2449674090zlj/walmart-denim-product-images/main/QF805/3.jpg","Uploaded"
"QF805","4","4.jpg","QF805/4.jpg","https://raw.githubusercontent.com/2449674090zlj/walmart-denim-product-images/main/QF805/4.jpg","Uploaded"
"QF805","5","5.jpg","QF805/5.jpg","https://raw.githubusercontent.com/2449674090zlj/walmart-denim-product-images/main/QF805/5.jpg","Uploaded"
"QF805","6","6.jpg","QF805/6.jpg","https://raw.githubusercontent.com/2449674090zlj/walmart-denim-product-images/main/QF805/6.jpg","Uploaded"
"QF806","1","1.png","QF806/1.png","https://raw.githubusercontent.com/2449674090zlj/walmart-denim-product-images/main/QF806/1.png","Uploaded"
"QF806","2","2.png","QF806/2.png","https://raw.githubusercontent.com/2449674090zlj/walmart-denim-product-images/main/QF806/2.png","Uploaded"
"QF806","3","3.png","QF806/3.png","https://raw.githubusercontent.com/2449674090zlj/walmart-denim-product-images/main/QF806/3.png","Uploaded"
"QF806","4","4.png","QF806/4.png","https://raw.githubusercontent.com/2449674090zlj/walmart-denim-product-images/main/QF806/4.png","Uploaded"
"QF806","5","5.png","QF806/5.png","https://raw.githubusercontent.com/2449674090zlj/walmart-denim-product-images/main/QF806/5.png","Uploaded"
"QF806","6","6.jpg","QF806/6.jpg","https://raw.githubusercontent.com/2449674090zlj/walmart-denim-product-images/main/QF806/6.jpg","Uploaded"
"QF808","1","1.jpg","QF808/1.jpg","https://raw.githubusercontent.com/2449674090zlj/walmart-denim-product-images/main/QF808/1.jpg","Uploaded"
"QF808","2","2.jpg","QF808/2.jpg","https://raw.githubusercontent.com/2449674090zlj/walmart-denim-product-images/main/QF808/2.jpg","Uploaded"
"QF808","3","3.jpg","QF808/3.jpg","https://raw.githubusercontent.com/2449674090zlj/walmart-denim-product-images/main/QF808/3.jpg","Uploaded"
"QF808","4","4.jpg","QF808/4.jpg","https://raw.githubusercontent.com/2449674090zlj/walmart-denim-product-images/main/QF808/4.jpg","Uploaded"
"QF808","5","5.jpg","QF808/5.jpg","https://raw.githubusercontent.com/2449674090zlj/walmart-denim-product-images/main/QF808/5.jpg","Uploaded"
"QF808","6","6.jpg","QF808/6.jpg","https://raw.githubusercontent.com/2449674090zlj/walmart-denim-product-images/main/QF808/6.jpg","Uploaded"
"QF818","1","1.jpg","QF818/1.jpg","https://raw.githubusercontent.com/2449674090zlj/walmart-denim-product-images/main/QF818/1.jpg","Uploaded"
"QF818","2","2.jpg","QF818/2.jpg","https://raw.githubusercontent.com/2449674090zlj/walmart-denim-product-images/main/QF818/2.jpg","Uploaded"
"QF818","3","3.png","QF818/3.png","https://raw.githubusercontent.com/2449674090zlj/walmart-denim-product-images/main/QF818/3.png","Uploaded"
"QF818","4","4.jpg","QF818/4.jpg","https://raw.githubusercontent.com/2449674090zlj/walmart-denim-product-images/main/QF818/4.jpg","Uploaded"
"QF818","5","5.jpg","QF818/5.jpg","https://raw.githubusercontent.com/2449674090zlj/walmart-denim-product-images/main/QF818/5.jpg","Uploaded"
"QF818","6","6.jpg","QF818/6.jpg","https://raw.githubusercontent.com/2449674090zlj/walmart-denim-product-images/main/QF818/6.jpg","Uploaded"
"QF822","1","1.png","QF822/1.png","https://raw.githubusercontent.com/2449674090zlj/walmart-denim-product-images/main/QF822/1.png","Uploaded"
"QF822","2","2.jpg","QF822/2.jpg","https://raw.githubusercontent.com/2449674090zlj/walmart-denim-product-images/main/QF822/2.jpg","Uploaded"
"QF822","3","3.jpg","QF822/3.jpg","https://raw.githubusercontent.com/2449674090zlj/walmart-denim-product-images/main/QF822/3.jpg","Uploaded"
"QF822","4","4.jpg","QF822/4.jpg","https://raw.githubusercontent.com/2449674090zlj/walmart-denim-product-images/main/QF822/4.jpg","Uploaded"
"QF822","5","5.jpg","QF822/5.jpg","https://raw.githubusercontent.com/2449674090zlj/walmart-denim-product-images/main/QF822/5.jpg","Uploaded"
"QF822","6","6.jpg","QF822/6.jpg","https://raw.githubusercontent.com/2449674090zlj/walmart-denim-product-images/main/QF822/6.jpg","Uploaded"
"QF830","1","1.jpg","QF830/1.jpg","https://raw.githubusercontent.com/2449674090zlj/walmart-denim-product-images/main/QF830/1.jpg","Uploaded"
"QF830","2","2.jpg","QF830/2.jpg","https://raw.githubusercontent.com/2449674090zlj/walmart-denim-product-images/main/QF830/2.jpg","Uploaded"
"QF830","3","3.jpg","QF830/3.jpg","https://raw.githubusercontent.com/2449674090zlj/walmart-denim-product-images/main/QF830/3.jpg","Uploaded"
"QF830","4","4.jpg","QF830/4.jpg","https://raw.githubusercontent.com/2449674090zlj/walmart-denim-product-images/main/QF830/4.jpg","Uploaded"
"QF830","5","5.jpg","QF830/5.jpg","https://raw.githubusercontent.com/2449674090zlj/walmart-denim-product-images/main/QF830/5.jpg","Uploaded"
"QF830","6","6.jpg","QF830/6.jpg","https://raw.githubusercontent.com/2449674090zlj/walmart-denim-product-images/main/QF830/6.jpg","Uploaded"
"QF834","1","1.jpg","QF834/1.jpg","https://raw.githubusercontent.com/2449674090zlj/walmart-denim-product-images/main/QF834/1.jpg","Uploaded"
"QF834","2","2.jpg","QF834/2.jpg","https://raw.githubusercontent.com/2449674090zlj/walmart-denim-product-images/main/QF834/2.jpg","Uploaded"
"QF834","3","3.jpg","QF834/3.jpg","https://raw.githubusercontent.com/2449674090zlj/walmart-denim-product-images/main/QF834/3.jpg","Uploaded"
"QF834","4","4.jpg","QF834/4.jpg","https://raw.githubusercontent.com/2449674090zlj/walmart-denim-product-images/main/QF834/4.jpg","Uploaded"
"QF834","5","5.jpg","QF834/5.jpg","https://raw.githubusercontent.com/2449674090zlj/walmart-denim-product-images/main/QF834/5.jpg","Uploaded"
"QF834","6","6.jpg","QF834/6.jpg","https://raw.githubusercontent.com/2449674090zlj/walmart-denim-product-images/main/QF834/6.jpg","Uploaded"
"QF836","1","1.jpg","QF836/1.jpg","https://raw.githubusercontent.com/2449674090zlj/walmart-denim-product-images/main/QF836/1.jpg","Uploaded"
"QF836","2","2.png","QF836/2.png","https://raw.githubusercontent.com/2449674090zlj/walmart-denim-product-images/main/QF836/2.png","Uploaded"
"QF836","3","3.png","QF836/3.png","https://raw.githubusercontent.com/2449674090zlj/walmart-denim-product-images/main/QF836/3.png","Uploaded"
"QF836","4","4.png","QF836/4.png","https://raw.githubusercontent.com/2449674090zlj/walmart-denim-product-images/main/QF836/4.png","Uploaded"
"QF836","5","5.png","QF836/5.png","https://raw.githubusercontent.com/2449674090zlj/walmart-denim-product-images/main/QF836/5.png","Uploaded"
"QF836","6","6.jpg","QF836/6.jpg","https://raw.githubusercontent.com/2449674090zlj/walmart-denim-product-images/main/QF836/6.jpg","Uploaded"
"QF841-1","1","1.jpg","QF841-1/1.jpg","https://raw.githubusercontent.com/2449674090zlj/walmart-denim-product-images/main/QF841-1/1.jpg","Uploaded"
"QF841-1","2","2.jpg","QF841-1/2.jpg","https://raw.githubusercontent.com/2449674090zlj/walmart-denim-product-images/main/QF841-1/2.jpg","Uploaded"
"QF841-1","3","3.jpg","QF841-1/3.jpg","https://raw.githubusercontent.com/2449674090zlj/walmart-denim-product-images/main/QF841-1/3.jpg","Uploaded"
"QF841-1","4","4.jpg","QF841-1/4.jpg","https://raw.githubusercontent.com/2449674090zlj/walmart-denim-product-images/main/QF841-1/4.jpg","Uploaded"
"QF841-1","5","5.png","QF841-1/5.png","https://raw.githubusercontent.com/2449674090zlj/walmart-denim-product-images/main/QF841-1/5.png","Uploaded"
"QF841-1","6","6.jpg","QF841-1/6.jpg","https://raw.githubusercontent.com/2449674090zlj/walmart-denim-product-images/main/QF841-1/6.jpg","Uploaded"
"QFX-2403","1","1.jpg","QFX-2403/1.jpg","https://raw.githubusercontent.com/2449674090zlj/walmart-denim-product-images/main/QFX-2403/1.jpg","Uploaded"
"QFX-2403","2","2.jpg","QFX-2403/2.jpg","https://raw.githubusercontent.com/2449674090zlj/walmart-denim-product-images/main/QFX-2403/2.jpg","Uploaded"
"QFX-2403","3","3.jpg","QFX-2403/3.jpg","https://raw.githubusercontent.com/2449674090zlj/walmart-denim-product-images/main/QFX-2403/3.jpg","Uploaded"
"QFX-2403","4","4.jpg","QFX-2403/4.jpg","https://raw.githubusercontent.com/2449674090zlj/walmart-denim-product-images/main/QFX-2403/4.jpg","Uploaded"
"QFX-2403","5","5.jpg","QFX-2403/5.jpg","https://raw.githubusercontent.com/2449674090zlj/walmart-denim-product-images/main/QFX-2403/5.jpg","Uploaded"
"QFX-2403","6","6.jpg","QFX-2403/6.jpg","https://raw.githubusercontent.com/2449674090zlj/walmart-denim-product-images/main/QFX-2403/6.jpg","Uploaded"
"QFX-2404","1","1.png","QFX-2404/1.png","https://raw.githubusercontent.com/2449674090zlj/walmart-denim-product-images/main/QFX-2404/1.png","Uploaded"
"QFX-2404","2","2.png","QFX-2404/2.png","https://raw.githubusercontent.com/2449674090zlj/walmart-denim-product-images/main/QFX-2404/2.png","Uploaded"
"QFX-2404","3","3.png","QFX-2404/3.png","https://raw.githubusercontent.com/2449674090zlj/walmart-denim-product-images/main/QFX-2404/3.png","Uploaded"
"QFX-2404","4","4.png","QFX-2404/4.png","https://raw.githubusercontent.com/2449674090zlj/walmart-denim-product-images/main/QFX-2404/4.png","Uploaded"
"QFX-2404","5","5.png","QFX-2404/5.png","https://raw.githubusercontent.com/2449674090zlj/walmart-denim-product-images/main/QFX-2404/5.png","Uploaded"
"QFX-2404","6","6.jpg","QFX-2404/6.jpg","https://raw.githubusercontent.com/2449674090zlj/walmart-denim-product-images/main/QFX-2404/6.jpg","Uploaded"
"QFX-2454","1","1.png","QFX-2454/1.png","https://raw.githubusercontent.com/2449674090zlj/walmart-denim-product-images/main/QFX-2454/1.png","Uploaded"
"QFX-2454","2","2.png","QFX-2454/2.png","https://raw.githubusercontent.com/2449674090zlj/walmart-denim-product-images/main/QFX-2454/2.png","Uploaded"
"QFX-2454","3","3.png","QFX-2454/3.png","https://raw.githubusercontent.com/2449674090zlj/walmart-denim-product-images/main/QFX-2454/3.png","Uploaded"
"QFX-2454","4","4.png","QFX-2454/4.png","https://raw.githubusercontent.com/2449674090zlj/walmart-denim-product-images/main/QFX-2454/4.png","Uploaded"
"QFX-2454","5","5.png","QFX-2454/5.png","https://raw.githubusercontent.com/2449674090zlj/walmart-denim-product-images/main/QFX-2454/5.png","Uploaded"
"QFX-2454","6","6.jpg","QFX-2454/6.jpg","https://raw.githubusercontent.com/2449674090zlj/walmart-denim-product-images/main/QFX-2454/6.jpg","Uploaded"
"QFX-2459","1","1.jpg","QFX-2459/1.jpg","https://raw.githubusercontent.com/2449674090zlj/walmart-denim-product-images/main/QFX-2459/1.jpg","Uploaded"
"QFX-2459","2","2.jpg","QFX-2459/2.jpg","https://raw.githubusercontent.com/2449674090zlj/walmart-denim-product-images/main/QFX-2459/2.jpg","Uploaded"
"QFX-2459","3","3.png","QFX-2459/3.png","https://raw.githubusercontent.com/2449674090zlj/walmart-denim-product-images/main/QFX-2459/3.png","Uploaded"
"QFX-2459","4","4.jpg","QFX-2459/4.jpg","https://raw.githubusercontent.com/2449674090zlj/walmart-denim-product-images/main/QFX-2459/4.jpg","Uploaded"
"QFX-2459","5","5.jpg","QFX-2459/5.jpg","https://raw.githubusercontent.com/2449674090zlj/walmart-denim-product-images/main/QFX-2459/5.jpg","Uploaded"
"QFX-2459","6","6.jpg","QFX-2459/6.jpg","https://raw.githubusercontent.com/2449674090zlj/walmart-denim-product-images/main/QFX-2459/6.jpg","Uploaded"
"QFX-2475","1","1.jpg","QFX-2475/1.jpg","https://raw.githubusercontent.com/2449674090zlj/walmart-denim-product-images/main/QFX-2475/1.jpg","Uploaded"
"QFX-2475","2","2.jpg","QFX-2475/2.jpg","https://raw.githubusercontent.com/2449674090zlj/walmart-denim-product-images/main/QFX-2475/2.jpg","Uploaded"
"QFX-2475","3","3.jpg","QFX-2475/3.jpg","https://raw.githubusercontent.com/2449674090zlj/walmart-denim-product-images/main/QFX-2475/3.jpg","Uploaded"
"QFX-2475","4","4.jpg","QFX-2475/4.jpg","https://raw.githubusercontent.com/2449674090zlj/walmart-denim-product-images/main/QFX-2475/4.jpg","Uploaded"
"QFX-2475","5","5.jpg","QFX-2475/5.jpg","https://raw.githubusercontent.com/2449674090zlj/walmart-denim-product-images/main/QFX-2475/5.jpg","Uploaded"
"QFX-2475","6","6.jpg","QFX-2475/6.jpg","https://raw.githubusercontent.com/2449674090zlj/walmart-denim-product-images/main/QFX-2475/6.jpg","Uploaded"
"QFX-2502","1","1.jpg","QFX-2502/1.jpg","https://raw.githubusercontent.com/2449674090zlj/walmart-denim-product-images/main/QFX-2502/1.jpg","Uploaded"
"QFX-2502","2","2.jpg","QFX-2502/2.jpg","https://raw.githubusercontent.com/2449674090zlj/walmart-denim-product-images/main/QFX-2502/2.jpg","Uploaded"
"QFX-2502","3","3.jpg","QFX-2502/3.jpg","https://raw.githubusercontent.com/2449674090zlj/walmart-denim-product-images/main/QFX-2502/3.jpg","Uploaded"
"QFX-2502","4","4.jpg","QFX-2502/4.jpg","https://raw.githubusercontent.com/2449674090zlj/walmart-denim-product-images/main/QFX-2502/4.jpg","Uploaded"
"QFX-2502","5","5.jpg","QFX-2502/5.jpg","https://raw.githubusercontent.com/2449674090zlj/walmart-denim-product-images/main/QFX-2502/5.jpg","Uploaded"
"QFX-2502","6","6.jpg","QFX-2502/6.jpg","https://raw.githubusercontent.com/2449674090zlj/walmart-denim-product-images/main/QFX-2502/6.jpg","Uploaded"
"QFX-2504","1","1.jpg","QFX-2504/1.jpg","https://raw.githubusercontent.com/2449674090zlj/walmart-denim-product-images/main/QFX-2504/1.jpg","Uploaded"
"QFX-2504","2","2.jpg","QFX-2504/2.jpg","https://raw.githubusercontent.com/2449674090zlj/walmart-denim-product-images/main/QFX-2504/2.jpg","Uploaded"
"QFX-2504","3","3.jpg","QFX-2504/3.jpg","https://raw.githubusercontent.com/2449674090zlj/walmart-denim-product-images/main/QFX-2504/3.jpg","Uploaded"
"QFX-2504","4","4.jpg","QFX-2504/4.jpg","https://raw.githubusercontent.com/2449674090zlj/walmart-denim-product-images/main/QFX-2504/4.jpg","Uploaded"
"QFX-2504","5","5.jpg","QFX-2504/5.jpg","https://raw.githubusercontent.com/2449674090zlj/walmart-denim-product-images/main/QFX-2504/5.jpg","Uploaded"
"QFX-2504","6","6.jpg","QFX-2504/6.jpg","https://raw.githubusercontent.com/2449674090zlj/walmart-denim-product-images/main/QFX-2504/6.jpg","Uploaded"
"QFX-2531","1","1.png","QFX-2531/1.png","https://raw.githubusercontent.com/2449674090zlj/walmart-denim-product-images/main/QFX-2531/1.png","Uploaded"
"QFX-2531","2","2.jpg","QFX-2531/2.jpg","https://raw.githubusercontent.com/2449674090zlj/walmart-denim-product-images/main/QFX-2531/2.jpg","Uploaded"
"QFX-2531","3","3.png","QFX-2531/3.png","https://raw.githubusercontent.com/2449674090zlj/walmart-denim-product-images/main/QFX-2531/3.png","Uploaded"
"QFX-2531","4","4.jpg","QFX-2531/4.jpg","https://raw.githubusercontent.com/2449674090zlj/walmart-denim-product-images/main/QFX-2531/4.jpg","Uploaded"
"QFX-2531","5","5.jpg","QFX-2531/5.jpg","https://raw.githubusercontent.com/2449674090zlj/walmart-denim-product-images/main/QFX-2531/5.jpg","Uploaded"
"QFX-2531","6","6.jpg","QFX-2531/6.jpg","https://raw.githubusercontent.com/2449674090zlj/walmart-denim-product-images/main/QFX-2531/6.jpg","Uploaded"
"QFX-26044","1","1.jpg","QFX-26044/1.jpg","https://raw.githubusercontent.com/2449674090zlj/walmart-denim-product-images/main/QFX-26044/1.jpg","Uploaded"
"QFX-26044","2","2.jpg","QFX-26044/2.jpg","https://raw.githubusercontent.com/2449674090zlj/walmart-denim-product-images/main/QFX-26044/2.jpg","Uploaded"
"QFX-26044","3","3.jpg","QFX-26044/3.jpg","https://raw.githubusercontent.com/2449674090zlj/walmart-denim-product-images/main/QFX-26044/3.jpg","Uploaded"
"QFX-26044","4","4.jpg","QFX-26044/4.jpg","https://raw.githubusercontent.com/2449674090zlj/walmart-denim-product-images/main/QFX-26044/4.jpg","Uploaded"
"QFX-26044","5","5.jpg","QFX-26044/5.jpg","https://raw.githubusercontent.com/2449674090zlj/walmart-denim-product-images/main/QFX-26044/5.jpg","Uploaded"
"QFX-26044","6","6.jpg","QFX-26044/6.jpg","https://raw.githubusercontent.com/2449674090zlj/walmart-denim-product-images/main/QFX-26044/6.jpg","Uploaded"
"QFX-6005","1","1.jpg","QFX-6005/1.jpg","https://raw.githubusercontent.com/2449674090zlj/walmart-denim-product-images/main/QFX-6005/1.jpg","Uploaded"
"QFX-6005","2","2.jpg","QFX-6005/2.jpg","https://raw.githubusercontent.com/2449674090zlj/walmart-denim-product-images/main/QFX-6005/2.jpg","Uploaded"
"QFX-6005","3","3.jpg","QFX-6005/3.jpg","https://raw.githubusercontent.com/2449674090zlj/walmart-denim-product-images/main/QFX-6005/3.jpg","Uploaded"
"QFX-6005","4","4.jpg","QFX-6005/4.jpg","https://raw.githubusercontent.com/2449674090zlj/walmart-denim-product-images/main/QFX-6005/4.jpg","Uploaded"
"QFX-6005","5","5.jpg","QFX-6005/5.jpg","https://raw.githubusercontent.com/2449674090zlj/walmart-denim-product-images/main/QFX-6005/5.jpg","Uploaded"
"QFX-6005","6","6.jpg","QFX-6005/6.jpg","https://raw.githubusercontent.com/2449674090zlj/walmart-denim-product-images/main/QFX-6005/6.jpg","Uploaded"
